BP02100000OTH119,End Caps OTH0119,ADITYA BP02,0
BP02100000460003,Pulley SK371 460003,ADITYA BP02,0
BP02100000460012,Tensioner Pipe SK371 460012,ADITYA BP02,0
BP02100000678005,DRUM ELE RH RBC 678005,ADITYA BP02,0
BP02100000679005,DRUM ELE LH RBC 679005,ADITYA BP02,0
BP021000000068B2,Cable Attachment Scorpio FR Manual 68B2,ADITYA BP02,0
BP02100000748007,Clamp Rubber S201 748007,ADITYA BP02,0
BP02100000102084,Plastic Bush Versa 102084,ADITYA BP02,0
BP02100000257050,Spacer Bush Storme 257050 OB,ADITYA BP02,0
BP02100000338150,Striker Guide M&M 338150,ADITYA BP02,0
BP02100000257078,Output Lever Storme 257078 OA RH,ADITYA BP02,0
BP02100000008234,Cable Guide Model-B Lower RH 8234,ADITYA BP02,0
BP02100000257014,Housing Storme 257014 OG RH,ADITYA BP02,0
BP02100000338177,Index Button Slam Green M&M 338177,ADITYA BP02,0
BP02100000257036,Side Cover Storme 257036 OB RH,ADITYA BP02,0
BP02100000257062,Sector Gear Storme 257062 OC RH,ADITYA BP02,0
BP02100000338152,Housing M&M RH 338152,ADITYA BP02,0
BP02100000006847,Drum M&M FR Manual RH 6847,ADITYA BP02,0
BP02100000006747,Drum M&M FR Manual LH 6747,ADITYA BP02,0
BP02100000338166,Lever Inside Release M&M FR RH 338166,ADITYA BP02,0
BP02100000338448,Key Cylinder Child Safety M&M RR 338448,ADITYA BP02,0
BP02100000257044,Child Lock Lever Storme 257044 OD RR RH,ADITYA BP02,0
BP02100000257084,Lock Lever non-OR Storme 257084 OE RH,ADITYA BP02,0
BP02100000136273,Holder for Link Rod 136273,ADITYA BP02,0
BP02100000338161,Link Release M&M LH 338161,ADITYA BP02,0
BP02100000338160,Link Release M&M RH 338160,ADITYA BP02,0
SP07100000DF2041,IRC Intermediate Bush 2041 Deflashed,ADITYA BP02,0
BP021000000081B3,Cable Guide Model B Upper LH 81B3,ADITYA BP02,0
BP02100000338174,Lever Locking M&M RH 338174,ADITYA BP02,0
BP02100146781-0A,Overcenter Child Link Sub Assembly RH,ADITYA BP02,0
BP02100000004608,Washer Eicher 4608,ADITYA BP02,0
SP07100000DF2040,IRC End Bush 2040 Deflashed,ADITYA BP02,0
BP02100000257086,Locking Bellcrank Storme 257086 OB BK,ADITYA BP02,0
BP021000000082B3,Cable Guide Model B Upper RH 82B3,ADITYA BP02,0
BP02100000004607,Roller Eicher 4607,ADITYA BP02,0
BP02100000338167,Lever Inside Release M&M FR LH 338167,ADITYA BP02,0
BP02100000338394,Cable Slide M&M RH 338394,ADITYA BP02,0
BP02100000267100,Lock Lever W408 267100 OA RH (New),ADITYA BP02,0
BP02100000257077,Lock Bellcrank Bkt Storme 257077 OC BK,ADITYA BP02,0
BP02100000716004,Stopper PY1B 716004,ADITYA BP02,0
BP02100000338146,Lever Key M&M 338146,ADITYA BP02,0
BP02100146782-0A,Overcenter Child Link Sub Assembly LH,ADITYA BP02,0
BP02100000264100,Lock Lever - W408 264100 OA LH (New),ADITYA BP02,0
BP02100000338176,Index Button Integrated M&M 338176,ADITYA BP02,0
BP02100000475102,Key Levr Spacer Scorpio BKDR W105 475102,ADITYA BP02,0
BP02100000267101,Lock Reverser W408 267101 OA RH (New),ADITYA BP02,0
BP02100000338175,Lever Locking M&M LH 338175,ADITYA BP02,0
BP02100000257083,Lock Lever non-OR Storme 257083 OE LH,ADITYA BP02,0
BP02100000264101,Lock Reverser W408 264101 OA LH (New),ADITYA BP02,0
BP02100000338395,Cable Slide M&M LH 338395,ADITYA BP02,0
BP02100000142293,Plastic Bush YV4 / Winger 142293,ADITYA BP02,0
BP08100000149554,Cable Guide Lower LH W201 149554,ADITYA BP02,0
BP02200000764007,Drum Cover RH DICV HDT 764007,ADITYA BP02,0
BP02100000146736,Locking Slide RH Scorpio W408 146736,ADITYA BP02,0
BP02200000765007,Drum Cover LH DICV HDT 765007,ADITYA BP02,0
BP08100000148554,Cable Guide Lower RH W201 148554,ADITYA BP02,0
BP02100000142296,Roller for Winger 142296,ADITYA BP02,0
BP02100000256056,LX-1 Spacer Bush 256056,ADITYA BP02,0
BP02100000133244,Striker Bush LH 133244,ADITYA BP02,0
BP02100000822011,Cursor VF36 FR 822011,ADITYA BP02,0
BP02100000548006,DRUM COVER HDT 548006,ADITYA BP02,0
BP02100000256121,LX-1 Clip Lock 256121,ADITYA BP02,0
BP02100000256122,LX-1 Clip Body 256122,ADITYA BP02,0
BP02100000549005,DRUM HDT 549005 LH,ADITYA BP02,0
BP02100000256011,LX-1 Housing RH 256011,ADITYA BP02,0
BP02100000256013,LX-1 Locking Lever RH 256013,ADITYA BP02,0
BP02100000256039,LX-1 Switch Retainer RH 256039,ADITYA BP02,0
BP02100000549002,UPPER CABLE LOOP LH HDT 549002,ADITYA BP02,0
BP02100000256014,LX1 Locking Lever LH 256014,ADITYA BP02,0
BP02100000256040,LX1 Switch Retainer LH 256040,ADITYA BP02,0
BP02100000256012,LX-1 Housing LH 256012,ADITYA BP02,0
BP02100000256048,LX-1 Cover LH 256048,ADITYA BP02,0
BP02100000256047,LX-1 Cover RH 256047,ADITYA BP02,0
BP02100000008116,Drum Model-B FR LH Electric 8116,ADITYA BP02,0
BP021000000068K1,Switch Cap RH 68K1,ADITYA BP02,0
BP021000000067K1,Switch Cap LH 67K1,ADITYA BP02,0
BP02100000256046,LX-1 Side Cover LH 256046,ADITYA BP02,0
BP02100000548002,UPPER CABLE LOOP RH HDT 548002,ADITYA BP02,0
BP02100000548005,DRUM HDT 548005 RH,ADITYA BP02,0
BP021000447031-1,Sleeve VW25x 447031-1,ADITYA BP02,0
BP021000447031-7,Mounting Hose VW25x 447031-7,ADITYA BP02,0
BP02100000454018,Drum Cover electric S101 454018 RR RH,ADITYA BP02,0
BP02100000453018,Drum Cover manual S101 453018 LH,ADITYA BP02,0
BP02100000006716,Drum Safari Double Lift LH 6716,ADITYA BP02,0
BP02100000006816,Drum Safari Double Lift RH 6816,ADITYA BP02,0
BP02100000500257,Cover Rigid MX3 500257,ADITYA BP05,0
BP05100000500277,Driver Pinion MX3 A&S 500277,ADITYA BP05,0
BP05100000500322,Cover Rigid MX3-MQB LT 500322,ADITYA BP05,0
BP05200000500251,Axial Stop Non Drive End MX3 500251,ADITYA BP05,0
BP05200000500253,Pinion MX3 500253,ADITYA BP05,0
BP05200000500453,Driver Pinion Thule Auto Mx3 500453,ADITYA BP05,0
30016256,CATCH OVERMOULD-XBA TL,IFB,0
50015516,GLASS CLIP,IFB,0
50017911,YFG RUBBER STOPPER,IFB,0
50015972,COVER-XBB TL,IFB,0
30016257,PAWL OVERMOULD-XBA TL,IFB,0
50015950,REMOTE LEVER(E1-E3)-XBB,IFB,0
30027576,Catch Overmold-SCX Ase,IFB,0
50015515,PLASTIC BUSH,IFB,0
30001288,LIFTING PLATE (MOLDED) FRONT,IFB,0
50017236,BUSH-SG6-30025705,IFB,0
30001299,LIFTING PLATE (MOLDED) REAR,IFB,0
50015593,613T FRT DRIVEN GEAR,IFB,0
30000721,LIFTING PLATE  SUB ASSY FRT - RH-X1,IFB,0
50015357,DRUM COVER MNL - RH,IFB,0
30000716,LIFTING PLATE  SUB ASSY FRT - LH-X1,IFB,0
WN10120015 0,PROTECTION CAP,MACUREX,0
AS13116001 3,NSS CONNECTOR,MACUREX,0
AN19116007 1, NYLON BUSH WTS,MACUREX,0
AA12116001 0,THREAD CAP (RTPO),MACUREX,0
AS39116003 0,VENT COVER OPS,MACUREX,0
AS39116002 1,PLUNGER OPS,MACUREX,0
AN33116001 4,SPEED SENSOR CONNECTOR,MACUREX,0
PC/TCUu380A/1513-000,SOLID ROD,PREGNA,0
PC/TCU 380 A/150/-001(TM),T FRAME SILVERLINE,PREGNA,0
N/A1,T FRAME,PREGNA,0
N/A2,48F-03/FLAT JC CLOSURE CLAMP C PIN,FINE TOOLS,0
N/A3,48F-04/FLAT JC CLOSURE CLAMP C HOLE,FINE TOOLS,0
N/A4,48F-06/FLAT JC CLOSURE CLAMP LATCH,FINE TOOLS,0
N/A5,48F-07/FLAT JC CLOSURE CLAMP LINK,FINE TOOLS,0
N/A7,96f-03/ Mc Round Clamp,FINE TOOLS,0
N/A8,96F-04/ MC Link,FINE TOOLS,0
N/A9,96F-05/ MC Latch,FINE TOOLS,0
N/A10,96F-23/MC Round C Clamp( Type B),FINE TOOLS,0
N/A11,96 F/MC ROUND C CLAMP,FINE TOOLS,0
N/A12,CP1231-48F/C CLAMP ASSY(FLAT CLOSURE),FINE TOOLS,0
N/A13,FDMS-03/C Clamp FDMS,FINE TOOLS,0
N/A14,Fdms-49 C Clamp Assy,FINE TOOLS,0
N/A15,MR-03/ Clamp Mid Range,FINE TOOLS,0
N/A16,MR-10/ Handle Mid Range,FINE TOOLS,0
N/A17,MR-11/Latch Mid Range,FINE TOOLS,0
N/A18,MR-12/ Pin Mid Range,FINE TOOLS,0
N/A19,Straight Joint,FINE TOOLS,0